country_name,country_code,ISO3,blackout_frequency,blackout_duration,electricity_price,diesel_price,renewable_share,tax
Afghanistan,AF,AFG,11.5,11.46,,0.63819,0.184234771693218,
Albania,AL,ALB,4.1,3.97,,1.230795,0.386152104692153,0.2
Algeria,DZ,DZA,3.2,2.78,,0.154989,0.000589586840918,0.19
American Samoa,AS,ASM,,,,,0.008854782019748,
Andorra,AD,AND,,,,1.11564,0.197478086257358,
Angola,AO,AGO,4.7,20.73,,0.747594,0.495682103295777,0.14
Anguilla,AI,AIA,,,,,0,
Antigua and Barbuda,AG,ATG,2.8,,,0.717024,0,
Argentina,AR,ARG,0.8,1.49,,0.9117,0.10040077613914,0.21
Armenia,AM,ARM,0.3,3.05,,0.610839,0.157920038357833,0.2
Aruba,AW,ABW,,,,,0.06726747565984,0.02
Australia,AU,AUS,,,,0.838764,0.091805029598079,0.1
Austria,AT,AUT,,,,1.048455,0.343949917477854,0.2
Azerbaijan,AZ,AZE,0.6,3.34,,0.319095,0.023107576857782,0.18
Bahamas,BS,BHS,2.2,,,,0.012105128838039,0.08
Bahrain,BH,BHR,,,,0.291744,0,0.05
Bangladesh,BD,BGD,64.5,1.12,,0.765828,0.347470690115416,
Barbados,BB,BRB,1.1,,,1.190016,0.027863582063744,0.18
Belarus,BY,BLR,0.1,2.13,,0.565254,0.067708695317313,0.2
Belgium,BE,BEL,,,,1.203444,0.092016405307815,0.21
Belize,BZ,BLZ,2.5,,,0.9117,0.350236296024311,
Benin,BJ,BEN,28,2.5,,0.656424,0.508626179373594,
Bermuda,BM,BMU,,,,,0.023595880074697,
Bhutan,BT,BTN,0.4,2.38,,0.747594,0.869045483179462,
Bolivia (Plurinational State of),BO,BOL,0.6,1.74,,0.501435,0.175381818257023,0.13
"Bonaire, Sint Eustatius and Saba",BQ,BES,,,,,0,0.08
Bosnia and Herzegovina,BA,BIH,1,5.47,,0.902583,0.407500602307998,
Botswana,BW,BWA,4.1,2.45,,0.610839,0.288798269935477,0.12
Brazil,BR,BRA,1.6,1.64,,0.866115,0.437903891971588,0.18
British Virgin Islands,VG,VGB,,,,,0.01229135669075,
Brunei Darussalam,BN,BRN,,,,0.200574,0.000149350358915,
Bulgaria,BG,BGR,1.2,1.92,,0.993753,0.176500779274042,0.2
Burkina Faso,BF,BFA,9.8,3.29,,0.784062,0.741671878585048,
Burundi,BI,BDI,16.6,10.21,,1.039338,0.956789242535879,
Cabo Verde,CV,CPV,3.2,7.38,,0.738477,0.265797158996811,
Cambodia,KH,KHM,1.4,2.62,,0.72936,0.649237759106607,
Cameroon,CM,CMR,7.6,2.96,,0.856998,0.765384004118885,
Canada,CA,CAN,,,,0.665541,0.220253592107108,0.05
Cayman Islands,KY,CYM,,,,,0,
Central African Republic,CF,CAF,29,,,1.27638,0.765670200103872,
Chad,TD,TCD,4.5,8.81,,0.774945,0.89357395570733,
Channel Islands,,CHI,,,,,0,0.05
Chile,CL,CHL,0.7,1.37,,0.592605,0.248825542739544,0.19
China,CN,CHN,0.1,,,0.738477,0.124133525698911,0
"China, Hong Kong SAR",HK,HKG,,,,1.294614,0.008527834523221,
"China, Macao SAR",MO,MAC,,,,,0.070513630489631,
"China, Taiwan Province of China",TW,TWN,,,,,0,0.05
Colombia,CO,COL,0.8,1.03,,0.583488,0.235647575160943,0.19
Comoros,KM,COM,,,,,0.453330523920407,
Congo,CG,COG,21.5,34.33,,0.74376,0.624021190190415,
Cook Islands,CK,COK,,,,,0,
Costa Rica,CR,CRI,1.3,,,0.720243,0.387334138821774,0.13
Côte d'Ivoire,CI,CIV,3.5,4.43,,0.847881,0.645280256540323,
Croatia,HR,HRV,1,2.14,,1.066689,0.331274666358571,0.25
Cuba,CU,CUB,,,,0.99168,0.192813206353885,
Curaçao,CW,CUW,,,,,0.003477662678195,0.06
Cyprus,CY,CYP,,,,1.121391,0.099420660163921,0.19
Czechia,CZ,CZE,0.4,3.01,,1.011987,0.148285619496241,0.21
Dem. People's Republic of Korea,KP,PRK,,,,0.665541,0.231232614917341,
Democratic Republic of the Congo,CD,COD,12.3,4.33,,1.09404,0.958176997146271,
Denmark,DK,DNK,,,,1.230795,0.331702771730605,0.25
Djibouti,DJ,DJI,1.6,,,0.893466,0.153805952215024,
Dominica,DM,DMA,2.8,,,,0.078297966401917,
Dominican Republic,DO,DOM,7.4,,,0.829647,0.16480109206897,0.18
Ecuador,EC,ECU,1.2,2.52,,0.264393,0.138166859421647,0.12
Egypt,EG,EGY,1.8,2.12,,0.136755,0.057093772646042,0.14
El Salvador,SV,SLV,1.2,2.56,,0.63819,0.24400769994085,0.13
Equatorial Guinea,GQ,GNQ,,,,,0.078227997769717,
Eritrea,ER,ERI,0.5,2.78,,1.212561,0.79767472303226,
Estonia,EE,EST,0.6,2.25,,1.039338,0.274768334658828,0.2
Eswatini,SZ,SWZ,3.7,2.04,,0.702009,0.661046592063012,
Ethiopia,ET,ETH,8.2,3.88,,0.583488,0.92163461141348,
Falkland Islands (Malvinas),FK,FLK,,,,,0,
Faroe Islands,FO,FRO,,,,,0.075135804916243,
Fiji,FJ,FJI,1.4,2.18,,0.610839,0.312639470878642,
Finland,FI,FIN,,,,1.221678,0.432352625898503,0.24
France,FR,FRA,,,,1.09404,0.134992623166677,0.2
French Guiana,GF,GUF,,,,,0,
French Polynesia,PF,PYF,,,,1.165164,0.098291547674715,
Gabon,GA,GAB,4.6,5.34,,0.720243,0.820078436860573,
Gambia,GM,GMB,21.1,6.86,,0.966402,0.515088624939659,
Georgia,GE,GEO,1,6.2,,0.674658,0.28662538805976,0.18
Germany,DE,DEU,,,,1.09404,0.142062526977772,0.19
Ghana,GH,GHA,8.4,12.59,,0.774945,0.414127943140724,0.13
Gibraltar,GI,GIB,,,,,0,
Greece,GR,GRC,0.9,,,1.112274,0.17170047546133,0.24
Greenland,GL,GRL,,,,,0.155338165059432,
Grenada,GD,GRD,0.7,,,0.948168,0.109195721498431,
Guadeloupe,GP,GLP,,,,,0,
Guam,GU,GUM,,,,,0,
Guatemala,GT,GTM,1.3,2.54,,0.592605,0.636509917919234,0.12
Guinea,GN,GIN,4.5,6.78,,0.82053,0.762683913195384,
Guinea-Bissau,GW,GNB,5.2,17.94,,,0.868517939369185,
Guyana,GY,GUY,8.5,,,0.711126,0.252587277167556,
Haiti,HT,HTI,,,,0.565254,0.760722132337506,
Holy See,VA,VAT,,,,,0,
Honduras,HN,HND,2.4,2.73,,0.72936,0.515374135797421,0.15
Hungary,HU,HUN,0.3,3.35,,1.09404,0.15559362050795,0.27
Iceland,IS,ISL,,,,1.486071,0.77029689205553,0.24
India,IN,IND,13.8,3.15,,0.738477,0.360212225652817,0.15
Indonesia,ID,IDN,0.5,2.3,,0.556137,0.368793481032359,0.1
Iran (Islamic Republic of),IR,IRN,,,,0.1969272,0.009130050567483,
Iraq,IQ,IRQ,40.9,,,0.63819,0.007988307686767,
Ireland,IE,IRL,,,,1.176093,0.090813990133706,0.23
Isle of Man,IM,IMN,,,,,0.042075897300392,0.2
Israel,IL,ISR,0.1,,,1.718912,0.037077669125467,0.17
Italy,IT,ITA,,,,1.312848,0.165168505774397,0.22
Jamaica,JM,JAM,2.5,,,0.875984,0.167719074601531,
Japan,JP,JPN,,,,0.802296,0.062973570805929,0.08
Jordan,JO,JOR,0.2,1.97,,0.583488,0.032291700420229,0.16
Kazakhstan,KZ,KAZ,0.5,5.58,,0.36468,0.015584429122583,0.12
Kenya,KE,KEN,3.8,4.45,,0.747594,0.72662752510447,0.16
Kiribati,KI,KIR,,,,,0.042539986930338,
Kuwait,KW,KWT,,,,0.282627,0,0.05
Kyrgyzstan,KG,KGZ,0.9,7.07,,0.446733,0.233068222046976,
Lao People's Democratic Republic,LA,LAO,0.2,0.6,,0.72936,0.593158607506634,
Latvia,LV,LVA,0.3,2.36,,0.975519,0.380980171666829,0.21
Lebanon,LB,LBN,50.5,6.99,,0.428499,0.036467196704988,0.11
Lesotho,LS,LSO,2.2,5.2,,0.665541,0.52139206087139,
Liberia,LR,LBR,4.5,4.64,,0.756711,0.8384704333625,
Libya,LY,LBY,,,,0.100287,0.019665544572593,
Liechtenstein,LI,LIE,,,,1.479256,0.631344414422166,0.08
Lithuania,LT,LTU,0.2,1.18,,0.957285,0.289611792543763,0.21
Luxembourg,LU,LUX,,,,0.939051,0.090313136609673,0.17
Madagascar,MG,MDG,6.7,2.3,,0.847881,0.701744159107341,0.2
Malawi,MW,MWI,6.7,3.12,,1.039338,0.83649433704296,
Malaysia,MY,MYS,0.1,2.27,,0.401148,0.051944425890153,0.1
Maldives,MV,MDV,,,,0.809872,0.010095946932571,0.06
Mali,ML,MLI,4.2,3.89,,0.893466,0.615269847175779,
Malta,MT,MLT,,,,1.112274,0.05355004746419,0.18
Marshall Islands,MH,MHL,,,,1.214808,0.111644846525257,
Martinique,MQ,MTQ,,,,,0,
Mauritania,MR,MRT,5.3,2.89,,0.993753,0.321595724693392,
Mauritius,MU,MUS,1.2,3.14,,0.774945,0.115373619624728,0.15
Mayotte,YT,MYT,,,,,0,
Mexico,MX,MEX,1.6,2.16,,0.656424,0.092152134550018,0.16
Micronesia (Fed. States of),FM,FSM,4.8,2.01,,,0.011962378623228,
Monaco,MC,MCO,,,,1.470992,0,
Mongolia,MN,MNG,1,3.66,,0.610839,0.034297372897785,0.1
Montenegro,ME,MNE,2.6,2.24,,0.929934,0.43004060548998,
Montserrat,MS,MSR,,,,,0,
Morocco,MA,MAR,0.6,1.61,,0.784062,0.113174596346938,0.2
Mozambique,MZ,MOZ,1.6,4.29,,0.54702,0.864005089176123,
Myanmar,MM,MMR,11,,,0.464967,0.615278116473242,0.05
Namibia,,NAM,0.6,2.69,,0.674658,0.264684298435307,0.15
Nauru,NR,NRU,,,,1.172633,0.000762903659246,
Nepal,NP,NPL,8.7,6.51,,0.619956,0.852639581903713,
Netherlands,NL,NLD,,,0.22,1.221678,0.058894630788273,0.21
New Caledonia,NC,NCL,,,,,0.047592212114408,
New Zealand,NZ,NZL,,,,0.720243,0.307891755544734,0.15
Nicaragua,NI,NIC,1.6,3.54,,0.683775,0.482049091920335,0.15
Niger,NE,NER,22,1.6,,0.802296,0.789398275175155,
Nigeria,NG,NGA,32.8,8.2,,0.583488,0.866356215634187,0.05
Niue,NU,NIU,,,,,0,
North Macedonia,MK,MKD,1.2,1.95,,0.802296,0.242181297260889,0.18
Northern Mariana Islands,MP,MNP,,,,,0,
Norway,NO,NOR,,,,1.486071,0.577720015985381,0.25
Oman,OM,OMN,,,,0.446733,0,0.05
Pakistan,PK,PAK,75.2,2.25,,0.63819,0.464763249199424,0.17
Palau,PW,PLW,,,,,0,
Panama,PA,PAN,0.6,1.33,,0.556137,0.212341523445028,0.07
Papua New Guinea,PG,PNG,41.9,,,0.933832,0.524986519522615,0.1
Paraguay,PY,PRY,1.7,1.39,,0.674658,0.616769945886019,0.1
Peru,PE,PER,0.5,0.95,,0.802296,0.255039055158479,0.18
Philippines,PH,PHL,0.1,0.91,,0.528786,0.274515444500126,0.12
Poland,PL,POL,0.2,2.56,,0.948168,0.119114882087605,0.23
Portugal,PT,PRT,,,,1.18521,0.2715729838594,0.23
Puerto Rico,PR,PRI,,,,,0.018374463826137,0.11
Qatar,QA,QAT,,,,0.346446,0,0.05
Republic of Korea,KR,KOR,,,,0.957285,0.027077028042296,0.1
Republic of Moldova,MD,MDA,0.3,1.67,,0.629073,0.142736887091697,0.2
Réunion,RE,REU,,,,,0,
Romania,RO,ROU,1.4,4.9,,1.039338,0.236977940316245,0.19
Russian Federation,RU,RUS,0.3,4.63,,0.501435,0.033042283509297,0.2
Rwanda,RW,RWA,4,4.45,,1.030221,0.866553742907747,0.18
Saint Barthélemy,BL,BLM,,,,,0,
Saint Helena,SH,SHN,,,,,0,
Saint Kitts and Nevis,KN,KNA,4.2,,,,0.016421911944762,
Saint Lucia,LC,LCA,3,,,,0.021326235361937,0.13
Saint Martin (French part),MF,MAF,,,,,0,
Saint Pierre and Miquelon,PM,SPM,,,,,0,
Saint Vincent and the Grenadines,VC,VCT,1.7,,,,0.058074333967797,
Samoa,WS,WSM,4.6,4.05,,0.793179,0.343248944081542,
San Marino,SM,SMR,,,,,0,
Sao Tome and Principe,ST,STP,,,,,0.410559989770475,
Saudi Arabia,SA,SAU,,,,0.109404,5.976542163238E-05,0.05
Senegal,SN,SEN,6,6.18,,0.884349,0.427117516284132,
Serbia,RS,SRB,0.6,1.19,,1.103157,0.211738852789742,0.2
Seychelles,SC,SYC,,,,,0.013529355479775,
Sierra Leone,SL,SLE,9.1,10.19,,0.984636,0.77660558628128,
Singapore,SG,SGP,,,,0.702009,0.007086352971976,0.07
Sint Maarten (Dutch part),SX,SXM,,,,,0.000463340318517,0.05
Slovakia,SK,SVK,0.5,1.31,,1.057572,0.134091682209694,0.2
Slovenia,SI,SVN,0.2,1.76,,1.103157,0.208773961432658,0.22
Solomon Islands,SB,SLB,4.9,,,,0.633074463971862,
Somalia,SO,SOM,,,,1.075806,0.942859666089416,
South Africa,ZA,ZAF,0.9,4.44,,0.82053,0.171501412476598,0.15
South Sudan,SS,SSD,1.5,,,0.255276,0.390743843216671,
Spain,ES,ESP,,,,1.030221,0.16254097737239,0.21
Sri Lanka,LK,LKA,4.1,,,0.592605,0.528758920368984,
State of Palestine,PS,PSE,8.7,,,1.285497,0.104727149640955,
Sudan,SD,SDN,3.4,,,0.556137,0.615967474758976,
Suriname,SR,SUR,2.8,,,1.107376,0.249131103610308,0.1
Sweden,SE,SWE,,,,1.294614,0.532477697984376,0.25
Switzerland,CH,CHE,,,,1.331082,0.252919836825127,0.08
Syrian Arab Republic,SY,SYR,,2.7,,0.388408,0.005211551717016,
Tajikistan,TJ,TJK,6.1,9.65,,0.629073,0.446592039196129,
Thailand,TH,THA,0.2,1.89,,0.619956,0.228630701280756,0.07
Timor-Leste,TL,TLS,0.8,4.18,,0.72936,0.182236892844473,
Togo,TG,TGO,5.5,5.56,,0.647307,0.712646671412409,
Tokelau,TK,TKL,,,,,0,
Tonga,TO,TON,2,1.49,,,0.018797515822465,
Trinidad and Tobago,TT,TTO,0.5,,,0.27351,0.002842057638815,0.13
Tunisia,TN,TUN,0.3,,,0.565254,0.125623503533853,0.19
Turkey,TR,TUR,1.7,4.37,,1.121391,0.133742300375217,0.18
Turkmenistan,TM,TKM,,,,0.246159,0.000408878864182,
Turks and Caicos Islands,TC,TCA,,,,,0.005721660010384,
Tuvalu,TV,TUV,,,,,0,
Uganda,UG,UGA,6.3,10.07,,0.720243,0.890579489792097,0.18
Ukraine,UA,UKR,0.3,5.46,,0.665541,0.041443180393724,0.2
United Arab Emirates,AE,ARE,,,,0.474084,0.001371080460738,0.05
United Kingdom,GB,GBR,,,,1.358433,0.087116855743791,0.2
United Republic of Tanzania,TZ,TZA,8.9,7.88,,0.72936,0.857130419384343,0.18
United States of America,US,USA,,,,0.592605,0.087169358670581,0.05
United States Virgin Islands,VI,VIR,,,,,0.038775252140012,
Uruguay,UY,URY,0.8,0.6,,1.239912,0.580220411778528,0.22
Uzbekistan,UZ,UZB,5.7,14.54,,1.166976,0.02970178699661,
Vanuatu,VU,VUT,1.6,1.52,,1.09404,0.36111064596662,
Venezuela (Bolivarian Republic of),VE,VEN,2.6,3.04,,0.0066112,0.128415785518796,0.16
Viet Nam,VN,VNM,0.2,6.69,,0.537903,0.349985698382085,0.1
Wallis and Futuna Islands,WF,WLF,,,,,0,
Western Sahara,EH,ESH,,,,,0,
Yemen,YE,YEM,38.8,,,0.692892,0.022764166869826,
Zambia,ZM,ZMB,5.2,2.94,,1.057572,0.879854523585353,0.16
Zimbabwe,ZW,ZWE,4.5,,,1.075806,0.81797808552401,0.15
